{
  "label": "Final policy",
  "plot": {
    "color": "#538AE5",
    "sort_order": 0
  },
  "source": "/Users/axelhojmark/Desktop/eerie-oyster-20260506-1858/analysis/final_policy_eval_100games.json",
  "num_games": 100,
  "num_simulations": 2000,
  "max_placements": 50,
  "add_noise": false,
  "visit_sampling_epsilon": 0.0,
  "attacks": [
    50,
    31,
    56,
    54,
    41,
    57,
    59,
    46,
    29,
    53,
    58,
    32,
    33,
    42,
    38,
    57,
    51,
    41,
    54,
    58,
    48,
    49,
    58,
    37,
    52,
    50,
    56,
    55,
    43,
    44,
    46,
    60,
    51,
    40,
    49,
    52,
    47,
    57,
    52,
    51,
    48,
    58,
    51,
    54,
    45,
    54,
    44,
    49,
    51,
    40,
    49,
    58,
    45,
    57,
    46,
    54,
    51,
    69,
    36,
    36,
    50,
    60,
    34,
    54,
    47,
    55,
    56,
    54,
    50,
    56,
    38,
    47,
    53,
    56,
    36,
    54,
    37,
    55,
    52,
    54,
    55,
    53,
    58,
    49,
    49,
    51,
    50,
    34,
    50,
    48,
    56,
    41,
    42,
    53,
    50,
    55,
    56,
    62,
    57,
    54
  ],
  "moves": [
    50,
    50,
    50,
    50,
    50,
    50,
    50,
    50,
    50,
    50,
    50,
    50,
    50,
    50,
    50,
    50,
    50,
    50,
    50,
    50,
    50,
    50,
    50,
    50,
    50,
    50,
    50,
    50,
    50,
    50,
    50,
    50,
    50,
    50,
    50,
    50,
    50,
    50,
    50,
    50,
    50,
    50,
    50,
    50,
    50,
    50,
    50,
    50,
    50,
    50,
    50,
    50,
    50,
    50,
    50,
    50,
    50,
    50,
    50,
    50,
    50,
    50,
    50,
    50,
    50,
    50,
    50,
    50,
    50,
    50,
    50,
    50,
    50,
    50,
    50,
    50,
    50,
    50,
    50,
    50,
    50,
    50,
    50,
    50,
    50,
    50,
    50,
    50,
    50,
    50,
    50,
    50,
    50,
    50,
    50,
    50,
    50,
    50,
    50,
    50
  ],
  "summary": {
    "mean_attack": 49.53,
    "median_attack": 51.0,
    "std_attack": 7.723282980701923,
    "min_attack": 29,
    "max_attack": 69,
    "elapsed_sec": 893.0083869160007
  }
}
